[{
    "id": 1,
    "name": "Luke Skywalker",
    "height": "172",
    "hair_color": "blond",
    "skin_color": "fair",
    "birth_year": "19BBY",
    "gender": "male" 
},
{
    "id": 2,
    "name": "C-3PO",
    "height": "167",
    "hair_color": "n/a",
    "skin_color": "gold",
    "birth_year": "112BBY",
    "gender": "n/a" 
},
{
    "id": 3,
    "name": "R2-D2",
    "height": "96",
    "hair_color": "n/a",
    "skin_color": "white, blue",
    "birth_year": "33BBY",
    "gender": "n/a" 
},
{
    "id": 4,
    "name": "Darth Vader",
    "height": "202",
    "hair_color": "none",
    "skin_color": "white",
    "birth_year": "41.9BBY",
    "gender": "male" 
},
{
    "id": 5,
    "name": "Leia Organa",
    "height": "150",
    "hair_color": "brown",
    "skin_color": "light",
    "birth_year": "19BBY",
    "gender": "female"
},
{
    "id": 6,
    "name": "Owen Lars",
    "height": "178",
    "hair_color": "brown, grey",
    "skin_color": "light",
    "birth_year": "52BBY",
    "gender": "male"
}]